Boletus_0001	omdl_mo_523157|ITS|PX094130.1
Boletus_0002	tra89|ITS|PV997265.1
Boletus_0003	hkas113848|ITS|MZ781939.1
Boletus_0004	hkas113829|ITS|MZ781921.1
Boletus_0005	hkas113794|ITS|MZ781886.1
Boletus_0006	hkas113733|ITS|MZ781829.1
Boletus_0007	hkas113732|ITS|MZ781828.1
Boletus_0008	hkas113554|ITS|MZ781659.1
Boletus_0009	hkas113463|ITS|MZ781572.1
Boletus_0010	s._d._russell_inat_240023768|ITS|PV920877.1
Boletus_0011	omdl_inat_190004344|ITS|PV911431.1
Boletus_0012	flas_f_61876|ITS|MH212126.1
Boletus_0013	flas_f_61863|ITS|MH212118.1
Boletus_0014	flas_f_61692|ITS|MH212051.1
Boletus_0015	flas_f_61590|ITS|MH211982.1
Boletus_0016	flas_f_61496|ITS|MH211928.1
Boletus_0017	flas_f_61478|ITS|MH211916.1
Boletus_0018	flas_f_61203|ITS|MH211808.1
Boletus_0019	flas_f_60536|ITS|MH211668.1
Boletus_0020	flas_f_61009|ITS|MH016944.1
Boletus_0021	flas_f_60938|ITS|MH016899.1
Boletus_0022	flas_f_60917|ITS|MH016889.1
Boletus_0023	flas_f_60911|ITS|MH016885.1
Boletus_0024	sr_23_008|ITS|OR881489.1
Boletus_0025	sr_23_006|ITS|OR881488.1
Boletus_0026	unca00297|ITS|PV778249.1
Boletus_0027	unca00292|ITS|PV778246.1
Boletus_0028	omdl_mo_465150|ITS|PV754434.1
Boletus_0029	omdl_mo_465145|ITS|PV754433.1
Boletus_0030	hay_f_011542|ITS|PV742663.1
Boletus_0031	uwal_m_0001520|ITS|PV741237.1
Boletus_0032	hkas_134101|ITS|PV715602.1
Boletus_0033	hkas_134086|ITS|PV715598.1
Boletus_0034	hkas_133781|ITS|PV706655.1
Boletus_0035	s._d._russell_inat_231103164|ITS|PV704733.1
Boletus_0036	inat180306177_lanmaoa_recapitulata|ITS|PV695611.1
Boletus_0037	tenn_f_072185|ITS|PV694390.1
Boletus_0038	ut_m0002406|ITS|PV694383.1
Boletus_0039	ut_m0002416|ITS|PV694382.1
Boletus_0040	ut_m0002269|ITS|PV694381.1
Boletus_0041	ut_m0002265|ITS|PV694361.1
Boletus_0042	ut_m0002299|ITS|PV694360.1
Boletus_0043	buf4510|ITS|PV694359.1
Boletus_0044	ut_m0002424|ITS|PV694356.1
Boletus_0045	ny65188|ITS|PV694354.1
Boletus_0046	tenn_f_071838|ITS|PV694349.1
Boletus_0047	min966563|ITS|PV694348.1
Boletus_0048	ut_m0002509|ITS|PV694347.1
Boletus_0049	usf304788|ITS|PV694346.1
Boletus_0050	min876692|ITS|PV694345.1
Boletus_0051	usf304817|ITS|PV694344.1
Boletus_0052	ut_m0002455|ITS|PV694343.1
Boletus_0053	ut_m0002503|ITS|PV694342.1
Boletus_0054	buf3026|ITS|PV694341.1
Boletus_0055	unca00305|ITS|PV683399.1
Boletus_0056	mo561949|ITS|PV634116.1
Boletus_0057	mo561950|ITS|PV634113.1
Boletus_0058	mo561951|ITS|PV634099.1
Boletus_0059	mo563251|ITS|PV634157.1
Boletus_0060	mo563229|ITS|PV634148.1
Boletus_0061	mo563045|ITS|PV634134.1
Boletus_0062	mo565685|ITS|PV634119.1
Boletus_0063	mo561942|ITS|PV634106.1
Boletus_0064	hkas115173|ITS|MZ427189.1
Boletus_0065	omdl_/_vsvc_inat_196638030|ITS|PV607159.1
Boletus_0066	hay_f_011353|ITS|PV587921.1
Boletus_0067	montoya_5278|ITS|MZ224516.1
Boletus_0068	cesar_156|ITS|MZ224515.1
Boletus_0069	cesar_134_holotype|ITS|MZ224514.1
Boletus_0070	cesar_133|ITS|MZ224513.1
Boletus_0071	cesar_128|ITS|MZ224512.1
Boletus_0072	hkas114477|ITS|MZ425995.1
Boletus_0073	hkas114475|ITS|MZ425993.1
Boletus_0074	omdl_inat_182722615|ITS|PP516740.1
Boletus_0075	omdl_inat_176204928|ITS|OR824645.1
Boletus_0076	hkas114257|ITS|MZ426753.1
Boletus_0077	hkas114180|ITS|MZ426681.1
Boletus_0078	omdl_/_vsvc|ITS|PV501066.1
Boletus_0079	omdl_/_vsvc|ITS|PV501059.1
Boletus_0080	omdl_/_vsvc|ITS|PV501055.1
Boletus_0081	omdl_/_vsvc|ITS|PV501050.1
Boletus_0082	omdl_/_vsvc|ITS|PV501044.1
Boletus_0083	omdl_/_vsvc|ITS|PV501032.1
Boletus_0084	omdl_/_vsvc|ITS|PV501027.1
Boletus_0085	omdl_/_vsvc|ITS|PV501016.1
Boletus_0086	omdl_/_vsvc|ITS|PV501012.1
Boletus_0087	omdl_/_vsvc|ITS|PV501001.1
Boletus_0088	omdl_inat_185735946|ITS|PP436532.1
Boletus_0089	omdl_inat_130197388|ITS|PP156366.1
Boletus_0090	bb_03|ITS|PV388787.1
Boletus_0091	omdl_inat_170202769|ITS|OR825616.1
Boletus_0092	omdl_inat_171108113|ITS|OR825572.1
Boletus_0093	omdl_inat_177614357|ITS|PP850332.1
Boletus_0094	s._d._russell_inat_252331746|ITS|PV223798.1
Boletus_0095	s._d._russell_inat_252330779|ITS|PV223797.1
Boletus_0096	sd_131|ITS|PV165839.1
Boletus_0097	sd_130|ITS|PV165838.1
Boletus_0098	sd_125|ITS|PV165836.1
Boletus_0099	sd_118|ITS|PV165833.1
Boletus_0100	cirm_cfbp:1859|ITS|PV108771.1
Boletus_0101	omdl_inat_129205764|ITS|OR987187.1
Boletus_0102	km48|ITS|PV155204.1
Boletus_0103	km36|ITS|PV155194.1
Boletus_0104	mnhn_pc_pc0676104|ITS|PV121580.1
Boletus_0105	jlf5831_inaturalist_260767917|ITS|PV075237.1
Boletus_0106	mo558907|ITS|PV009786.1
Boletus_0107	boletus_cystidiatus_gs2417|ITS|PQ878093.1
Boletus_0108	boletus_cystidiatus_mj25|ITS|PQ878092.1
Boletus_0109	boletus_cystidiatus_swat003364|ITS|PQ878091.1
Boletus_0110	omdl_inat_188680588|ITS|PQ847694.1
Boletus_0111	uamex_amcirb_hcem_b98|ITS|OR797483.1
Boletus_0112	uamex_amcirb_hcem_b95|ITS|OR797482.1
Boletus_0113	uamex_amcirb_hcem_b94|ITS|OR797481.1
Boletus_0114	hay_f_006566|ITS|PQ817051.1
Boletus_0115	fds_ca_05273|ITS|PQ810698.1
Boletus_0116	fds_ca_05697|ITS|PQ810682.1
Boletus_0117	PQ773198.1|ITS|PQ773198.1
Boletus_0118	omdl_inat_175304986|ITS|OR945043.1
Boletus_0119	lerus:315543|ITS|NR_198076.1
Boletus_0120	omdl_inat_187500561|ITS|PQ615470.1
Boletus_0121	fds_ca_04231|ITS|PQ607847.1
Boletus_0122	cdn2508|ITS|PQ586449.1
Boletus_0123	cesar_135|ITS|MZ224511.1
Boletus_0124	hervert_67|ITS|MZ224510.1
Boletus_0125	fds_ca_00238|ITS|PQ527956.1
Boletus_0126	omdl_inat_37646311|ITS|PQ493009.1
Boletus_0127	fds_ca_05208|ITS|PQ453650.1
Boletus_0128	swfu_wyj162|ITS|PQ373206.1
Boletus_0129	omdl_inat_143836461|ITS|PQ316785.1
Boletus_0130	hay_f_007571|ITS|PQ288462.1
Boletus_0131	hay_f_007769|ITS|PQ288431.1
Boletus_0132	tn201636|ITS|LC832018.1
Boletus_0133	hay_f_006184|ITS|PQ111704.1
Boletus_0134	hay_f_006300|ITS|PQ111685.1
Boletus_0135	x21230|ITS|PQ100205.1
Boletus_0136	x21226|ITS|PQ100092.1
Boletus_0137	fire_survey_613a|ITS|OR244613.1
Boletus_0138	kd_23_059|ITS|PP693207.1
Boletus_0139	kd_23_044|ITS|PP693208.1
Boletus_0140	hay_f_001740|ITS|PP994927.1
Boletus_0141	omdl_inat_177597922|ITS|PP923865.1
Boletus_0142	f11_its|ITS|PP907646.1
Boletus_0143	hay_f_005541|ITS|PP826445.1
Boletus_0144	p2|ITS|PP803628.1
Boletus_0145	mo532874|ITS|PP763153.1
Boletus_0146	370|ITS|OM972641.1
Boletus_0147	hay_f_006601|ITS|PP335802.1
Boletus_0148	hay_f_002229|ITS|PP294828.1
Boletus_0149	kd_22_011|ITS|OR351600.1
Boletus_0150	kd_22_023|ITS|OR351599.1
Boletus_0151	bjtc_fm2437|ITS|OR655141.1
Boletus_0152	bjtc_fm2329|ITS|OR655140.1
Boletus_0153	bjtc_fm2295|ITS|OR655139.1
Boletus_0154	bjtc_fm2253|ITS|OR655138.1
Boletus_0155	sm2|ITS|OP817155.1
Boletus_0156	sm1|ITS|OP817154.1
Boletus_0157	tix66|ITS|ON790781.1
Boletus_0158	mrf138|ITS|ON790780.1
Boletus_0159	mrf42|ITS|ON790779.1
Boletus_0160	mrf12|ITS|ON790778.1
Boletus_0161	mrf187|ITS|ON790777.1
Boletus_0162	b9_s12|ITS|ON790776.1
Boletus_0163	b9_s11|ITS|ON790775.1
Boletus_0164	b9_s10|ITS|ON790774.1
Boletus_0165	b9_s9|ITS|ON790773.1
Boletus_0166	b9_s8|ITS|ON790772.1
Boletus_0167	b9_s7|ITS|ON790771.1
Boletus_0168	b9_s6|ITS|ON790770.1
Boletus_0169	b9_s5|ITS|ON790769.1
Boletus_0170	b9_s4|ITS|ON790768.1
Boletus_0171	b9_s3|ITS|ON790767.1
Boletus_0172	b9_s2|ITS|ON790766.1
Boletus_0173	b9_s1|ITS|ON790765.1
Boletus_0174	b8_s12|ITS|ON790764.1
Boletus_0175	b8_s11|ITS|ON790763.1
Boletus_0176	b8_s9|ITS|ON790761.1
Boletus_0177	b8_s8|ITS|ON790760.1
Boletus_0178	b8_s7|ITS|ON790759.1
Boletus_0179	b8_s6|ITS|ON790758.1
Boletus_0180	b8_s4|ITS|ON790756.1
Boletus_0181	b8_s3|ITS|ON790755.1
Boletus_0182	b8_s2|ITS|ON790754.1
Boletus_0183	b8_s1|ITS|ON790753.1
Boletus_0184	b7_s12|ITS|ON790752.1
Boletus_0185	b7_s10|ITS|ON790750.1
Boletus_0186	b7_s9|ITS|ON790749.1
Boletus_0187	b7_s8|ITS|ON790748.1
Boletus_0188	b7_s7|ITS|ON790747.1
Boletus_0189	b7_s6|ITS|ON790746.1
Boletus_0190	b7_s5|ITS|ON790745.1
Boletus_0191	b7_s4|ITS|ON790744.1
Boletus_0192	b7_s2|ITS|ON790742.1
Boletus_0193	b7_s1|ITS|ON790741.1
Boletus_0194	b6_s12|ITS|ON790740.1
Boletus_0195	b6_s11|ITS|ON790739.1
Boletus_0196	b6_s10|ITS|ON790738.1
Boletus_0197	b6_s9|ITS|ON790737.1
Boletus_0198	b6_s8|ITS|ON790736.1
Boletus_0199	b6_s7|ITS|ON790735.1
Boletus_0200	b6_s6|ITS|ON790734.1
Boletus_0201	b6_s5|ITS|ON790733.1
Boletus_0202	b6_s4|ITS|ON790732.1
Boletus_0203	b6_s3|ITS|ON790731.1
Boletus_0204	b6_s2|ITS|ON790730.1
Boletus_0205	b6_s1|ITS|ON790729.1
Boletus_0206	b5_s12|ITS|ON790728.1
Boletus_0207	b5_s11|ITS|ON790727.1
Boletus_0208	b5_s10|ITS|ON790726.1
Boletus_0209	b5_s9|ITS|ON790725.1
Boletus_0210	b5_s8|ITS|ON790724.1
Boletus_0211	b5_s7|ITS|ON790723.1
Boletus_0212	b5_s6|ITS|ON790722.1
Boletus_0213	b5_s5|ITS|ON790721.1
Boletus_0214	b5_s4|ITS|ON790720.1
Boletus_0215	b5_s3|ITS|ON790719.1
Boletus_0216	b5_s1|ITS|ON790717.1
Boletus_0217	b4_s12|ITS|ON790716.1
Boletus_0218	b4_s11|ITS|ON790715.1
Boletus_0219	b4_s10|ITS|ON790714.1
Boletus_0220	b4_s9|ITS|ON790713.1
Boletus_0221	b4_s7|ITS|ON790711.1
Boletus_0222	b4_s6|ITS|ON790710.1
Boletus_0223	b4_s5|ITS|ON790709.1
Boletus_0224	b4_s4|ITS|ON790708.1
Boletus_0225	b4_s3|ITS|ON790707.1
Boletus_0226	b4_s2|ITS|ON790706.1
Boletus_0227	b4_s1|ITS|ON790705.1
Boletus_0228	b3_s12|ITS|ON790704.1
Boletus_0229	b3_s11|ITS|ON790703.1
Boletus_0230	b3_s10|ITS|ON790702.1
Boletus_0231	b3_s9|ITS|ON790701.1
Boletus_0232	b3_s8|ITS|ON790700.1
Boletus_0233	b3_s7|ITS|ON790699.1
Boletus_0234	b3_s6|ITS|ON790698.1
Boletus_0235	b3_s5|ITS|ON790697.1
Boletus_0236	b3_s4|ITS|ON790696.1
Boletus_0237	b3_s3|ITS|ON790695.1
Boletus_0238	b3_s2|ITS|ON790694.1
Boletus_0239	b3_s1|ITS|ON790693.1
Boletus_0240	b2_s12|ITS|ON790692.1
Boletus_0241	b2_s11|ITS|ON790691.1
Boletus_0242	b2_s10|ITS|ON790690.1
Boletus_0243	b2_s9|ITS|ON790689.1
Boletus_0244	b2_s8|ITS|ON790688.1
Boletus_0245	b2_s7|ITS|ON790687.1
Boletus_0246	b2_s6|ITS|ON790686.1
Boletus_0247	b2_s5|ITS|ON790685.1
Boletus_0248	b2_s4|ITS|ON790684.1
Boletus_0249	b2_s3|ITS|ON790683.1
Boletus_0250	b2_s2|ITS|ON790682.1
Boletus_0251	b2_s1|ITS|ON790681.1
Boletus_0252	b1_s11|ITS|ON790679.1
Boletus_0253	b1_s10|ITS|ON790678.1
Boletus_0254	b1_s9|ITS|ON790677.1
Boletus_0255	b1_s8|ITS|ON790676.1
Boletus_0256	b1_s7|ITS|ON790675.1
Boletus_0257	b1_s6|ITS|ON790674.1
Boletus_0258	b1_s5|ITS|ON790673.1
Boletus_0259	b1_s4|ITS|ON790672.1
Boletus_0260	b1_s3|ITS|ON790671.1
Boletus_0261	b1_s2|ITS|ON790670.1
Boletus_0262	b1_s1|ITS|ON790669.1
Boletus_0263	m_146|ITS|OR766098.1
Boletus_0264	m117|ITS|OR766088.1
Boletus_0265	m65|ITS|OR766065.1
Boletus_0266	m52|ITS|OR766060.1
Boletus_0267	m49|ITS|OR766059.1
Boletus_0268	m8|ITS|OR766044.1
Boletus_0269	mushroom_observer_470950|ITS|OM980602.1
Boletus_0270	odwyer|ITS|MZ997390.1
Boletus_0271	taylor|ITS|MZ997389.1
Boletus_0272	eefu12|ITS|OR668600.1
Boletus_0273	eefu20|ITS|OR668599.1
Boletus_0274	rofu04|ITS|OR668598.1
Boletus_0275	karse07a|ITS|OR668597.1
Boletus_0276	sl2028|ITS|OR636149.1
Boletus_0277	mo508860|ITS|OR614812.1
Boletus_0278	f225|ITS|OR625692.1
Boletus_0279	ca_fundis_inaturalist_131268808|ITS|OR583675.1
Boletus_0280	sapa:2022|ITS|LC684280.1
Boletus_0281	sapa:2020|ITS|LC684279.1
Boletus_0282	sapa:2019|ITS|LC684278.1
Boletus_0283	iv_5_1|ITS|OR458474.1
Boletus_0284	iv_2_2|ITS|OR458473.1
Boletus_0285	iv_2_1|ITS|OR458472.1
Boletus_0286	iv_10_1|ITS|OR458471.1
Boletus_0287	iii_12_1|ITS|OR458470.1
Boletus_0288	ubc_f16264|ITS|EF530923.1
Boletus_0289	mo506390|ITS|OR336221.1
Boletus_0290	mo506379|ITS|OR336199.1
Boletus_0291	mo508867|ITS|OR336195.1
Boletus_0292	mo506374|ITS|OR336187.1
Boletus_0293	mo506375|ITS|OR336184.1
Boletus_0294	mo502964|ITS|OR336130.1
Boletus_0295	mo502966|ITS|OR336124.1
Boletus_0296	niu1|ITS|OR449998.1
Boletus_0297	mo476806|ITS|OP270494.1
Boletus_0298	inat95440203|ITS|OP270488.1
Boletus_0299	jlf11426|ITS|OR345517.1
Boletus_0300	jlf9794_inaturalist_153075939|ITS|OR251131.1
Boletus_0301	archbold_86_its1f|ITS|OR242626.1
Boletus_0302	yaas2021_15bs|ITS|OR075196.1
Boletus_0303	yaas8.17_19_1bb|ITS|OR075195.1
Boletus_0304	inat_152770173|ITS|OR016149.1
Boletus_0305	wtu_f_073476|ITS|OQ987848.1
Boletus_0306	wtu_f_073475|ITS|OQ987847.1
Boletus_0307	mo250094|ITS|MK010973.2
Boletus_0308	jlf9382_inaturalist_87771513|ITS|OQ832692.1
Boletus_0309	bdb246|ITS|OQ801185.1
Boletus_0310	mo458594|ITS|ON134049.1
Boletus_0311	OQ701101.1|ITS|OQ701101.1
Boletus_0312	mushroom_observer_429383|ITS|MW989502.1
Boletus_0313	mushroom_observer_331438|ITS|MT340075.1
Boletus_0314	mushroom_observer_248358|ITS|MK046800.1
Boletus_0315	sfsu_f_000430|ITS|OM891684.1
Boletus_0316	sfsu_f_000429|ITS|OM891683.1
Boletus_0317	sfsu_f_000428|ITS|OM891682.1
Boletus_0318	sfsu_f_000427|ITS|OM891681.1
Boletus_0319	sfsu_f_000454|ITS|OM891680.1
Boletus_0320	sfsu_f_000453|ITS|OM891679.1
Boletus_0321	bpi780569|ITS|OM891678.1
Boletus_0322	nysf3333|ITS|OM891677.1
Boletus_0323	nysf774|ITS|OM891676.1
Boletus_0324	nysf341|ITS|OM891675.1
Boletus_0325	nysf340|ITS|OM891674.1
Boletus_0326	nysf1682|ITS|OM891673.1
Boletus_0327	mich10063|ITS|OM891672.1
Boletus_0328	nysf774|ITS|OM891671.1
Boletus_0329	nysf1346|ITS|OM891670.1
Boletus_0330	nysf3333|ITS|OM891669.1
Boletus_0331	bpi781961|ITS|OM891668.1
Boletus_0332	nysf1259|ITS|OM891667.1
Boletus_0333	nysf774|ITS|OM891666.1
Boletus_0334	nysf2095|ITS|OM891665.1
Boletus_0335	nysf2095|ITS|OM891664.1
Boletus_0336	nysf1346|ITS|OM891663.1
Boletus_0337	nysf2095|ITS|OM891662.1
Boletus_0338	km167089|ITS|OM891661.1
Boletus_0339	nysf2006|ITS|OM891660.1
Boletus_0340	nysf1259|ITS|OM891659.1
Boletus_0341	tns225487|ITS|OM891658.1
Boletus_0342	km167089|ITS|OM891657.1
Boletus_0343	km139236|ITS|OM891656.1
Boletus_0344	km139236|ITS|OM891655.1
Boletus_0345	km139236|ITS|OM891654.1
Boletus_0346	km139195|ITS|OM891653.1
Boletus_0347	jlf11170|ITS|OQ427392.1
Boletus_0348	jlf11183|ITS|OQ427375.1
Boletus_0349	jlf10966|ITS|OQ427360.1
Boletus_0350	jlf10919|ITS|OQ427359.1
Boletus_0351	jlf10885|ITS|OQ427354.1
Boletus_0352	jlf10805|ITS|OQ427351.1
Boletus_0353	jlf10964|ITS|OQ415222.1
Boletus_0354	jlf10836|ITS|OQ415221.1
Boletus_0355	jlf10800|ITS|OQ415211.1
Boletus_0356	oms_027|ITS|LC667056.1
Boletus_0357	ns3250|ITS|OQ195658.1
Boletus_0358	OQ023913.1|ITS|OQ023913.1
Boletus_0359	fhmu5921|ITS|OM234790.1
Boletus_0360	fhmu5919|ITS|OM234789.1
Boletus_0361	s.d._russell_ont_inaturalist_136435308|ITS|OP749668.1
Boletus_0362	s.d._russell_ont_inaturalist_129715809|ITS|OP749132.1
Boletus_0363	s.d._russell_ont_inaturalist_129626272|ITS|OP749123.1
Boletus_0364	s.d._russell_ont_inaturalist_129626037|ITS|OP749118.1
Boletus_0365	s.d._russell_ont_inaturalist_130724497|ITS|OP643416.1
Boletus_0366	s.d._russell_ont_inaturalist_129583052|ITS|OP643172.1
Boletus_0367	s.d._russell_ont_inaturalist_129582031|ITS|OP643170.1
Boletus_0368	s.d._russell_ont_inaturalist_126524457|ITS|OP549268.1
Boletus_0369	s.d._russell_ont_inaturalist_129607889|ITS|OP549221.1
Boletus_0370	s.d._russell_nama2018_ms_inaturalist_13993360|ITS|OP541705.1
Boletus_0371	s.d._russell_nama2018_ms_inaturalist_13895294|ITS|OP541678.1
Boletus_0372	s.d._russell_nama2018_ms_inaturalist_13894791|ITS|OP541645.1
Boletus_0373	s.d._russell_nama2018_ms_inaturalist_13903708|ITS|OP541629.1
Boletus_0374	inat93006817|ITS|OP480723.1
Boletus_0375	s.d._russell_mycomap_10254|ITS|OP477012.1
Boletus_0376	s.d._russell_ont_inaturalist_129772222|ITS|OP470578.1
Boletus_0377	s.d._russell_ont_inaturalist_129770253|ITS|OP470573.1
Boletus_0378	s.d._russell_ont_inaturalist_129606552|ITS|OP470538.1
Boletus_0379	s.d._russell_ont_inaturalist_129606231|ITS|OP470536.1
Boletus_0380	s.d._russell_ont_inaturalist_129605690|ITS|OP470529.1
Boletus_0381	s.d._russell_ont_inaturalist_127569511|ITS|OP470465.1
Boletus_0382	flas:f_70719_mes_4193|ITS|OP339705.1
Boletus_0383	cfmr:ortiz_santana_389|ITS|NR_177481.1
Boletus_0384	km:189053|ITS|NR_137610.1
Boletus_0385	dc_21_42|ITS|ON725039.1
Boletus_0386	dc_21_26|ITS|ON725020.1
Boletus_0387	hkas122405|ITS|ON794273.1
Boletus_0388	hkas122381|ITS|ON794261.1
Boletus_0389	hkas111794|ITS|ON794232.1
Boletus_0390	dbg:f_029121|ITS|OP178060.1
Boletus_0391	dbg:f_024305|ITS|OP177983.1
Boletus_0392	dbg:f_021468|ITS|OP150330.1
Boletus_0393	pdd:75418|ITS|OP141460.1
Boletus_0394	pdd:72882|ITS|OP141458.1
Boletus_0395	pdd:114157|ITS|OP141452.1
Boletus_0396	pdd:113861|ITS|OP141449.1
Boletus_0397	pdd:106500|ITS|OP141412.1
Boletus_0398	pdd:94362|ITS|OP141379.1
Boletus_0399	pdd:96182|ITS|OP141361.1
Boletus_0400	pdd:96163|ITS|OP141360.1
Boletus_0401	pdd:96161|ITS|OP141359.1
Boletus_0402	pdd:96144|ITS|OP141358.1
Boletus_0403	pdd:95796|ITS|OP141357.1
Boletus_0404	dbg:f_004927|ITS|OP133523.1
Boletus_0405	sij013|ITS|OP104104.1
Boletus_0406	kash_2543|ITS|OP026082.1
Boletus_0407	jlf8151_inaturalist_44502095|ITS|OP020629.1
Boletus_0408	oly_0197|ITS|OP020399.1
Boletus_0409	jlf8151_inaturalist_44502095|ITS|ON986976.1
Boletus_0410	5425_392|ITS|ON963134.1
Boletus_0411	mushroom_observer_381086|ITS|ON950116.1
Boletus_0412	mushroom_observer_381086|ITS|ON950115.1
Boletus_0413	mushroom_observer_423778|ITS|ON950111.1
Boletus_0414	mushroom_observer_424678|ITS|ON950102.1
Boletus_0415	crg002_tenn|ITS|MF773606.1
Boletus_0416	ajf67_tenn|ITS|MF773605.1
Boletus_0417	ka12_1240|ITS|KR673493.1
Boletus_0418	mushroom_observer_317753|ITS|ON705297.1
Boletus_0419	bd870|ITS|MZ351504.1
Boletus_0420	th9994|ITS|MZ351503.1
Boletus_0421	jlf2217|ITS|KC812301.1
Boletus_0422	jlf2243b|ITS|KC812280.1
Boletus_0423	mhm163|ITS|EU569244.1
Boletus_0424	mhm075|ITS|EU569236.1
Boletus_0425	mhm167|ITS|EU569234.1
Boletus_0426	mhm168|ITS|EU569233.1
Boletus_0427	mushroom_observer_376126_haplotype_2|ITS|ON705324.1
Boletus_0428	mushroom_observer_376126_haplotype_1|ITS|ON705323.1
Boletus_0429	mushroom_observer_369193|ITS|ON705280.1
Boletus_0430	mushroom_observer_338178|ITS|ON705279.1
Boletus_0431	hgasmf01_2069|ITS|ON557699.1
Boletus_0432	mushroom_observer_458142|ITS|ON554803.1
Boletus_0433	mushroom_observer_472718|ITS|ON554798.1
Boletus_0434	mes_3730|ITS|ON383386.1
Boletus_0435	pul:pul00031083|ITS|ON209222.1
Boletus_0436	ny:03817514|ITS|ON179798.1
Boletus_0437	inat:15950523|ITS|ON166648.1
Boletus_0438	s.d._russell_inaturalist_58349298|ITS|ON059238.1
Boletus_0439	s.d._russell_inaturalist_55162095|ITS|ON059194.1
Boletus_0440	3bis|ITS|ON025952.1
Boletus_0441	17bis|ITS|ON025951.1
Boletus_0442	sample_19|ITS|ON000538.1
Boletus_0443	sample_12|ITS|ON000499.1
Boletus_0444	sample_10|ITS|ON000498.1
Boletus_0445	sample_8|ITS|ON000497.1
Boletus_0446	s.d._russell_inaturalist_99173783|ITS|OM987374.1
Boletus_0447	92|ITS|OM972363.1
Boletus_0448	sample_46|ITS|OM920033.1
Boletus_0449	sample_44|ITS|OM920031.1
Boletus_0450	sample_45|ITS|OM920030.1
Boletus_0451	sample_43|ITS|OM920028.1
Boletus_0452	sample_42|ITS|OM920027.1
Boletus_0453	sample_40|ITS|OM920025.1
Boletus_0454	sample_41|ITS|OM920024.1
Boletus_0455	sample_39|ITS|OM920023.1
Boletus_0456	sample_38|ITS|OM920022.1
Boletus_0457	sample_37|ITS|OM920021.1
Boletus_0458	sample_32|ITS|OM920020.1
Boletus_0459	sample_29|ITS|OM920019.1
Boletus_0460	sample_27|ITS|OM920018.1
Boletus_0461	sample_28|ITS|OM920016.1
Boletus_0462	sample_25|ITS|OM920015.1
Boletus_0463	sample_21|ITS|OM920014.1
Boletus_0464	sample_20|ITS|OM920013.1
Boletus_0465	sample_18|ITS|OM919733.1
Boletus_0466	sample_16|ITS|OM919721.1
Boletus_0467	inat:35039013|ITS|OM212959.1
Boletus_0468	inat:18701705|ITS|OM212878.1
Boletus_0469	OK376754.1|ITS|OK376754.1
Boletus_0470	OK376750.1|ITS|OK376750.1
Boletus_0471	cfmr:bz_3554_tjb_9854|ITS|NR_175144.1
Boletus_0472	cfmr:bz_1611_bos_266|ITS|NR_175143.1
Boletus_0473	cfmr:bz_2105_tjb_9385|ITS|NR_175142.1
Boletus_0474	cfmr:dr_2841_tjb_9769|ITS|NR_175141.1
Boletus_0475	cfmr:bz_3521_tjb_9821|ITS|NR_175140.1
Boletus_0476	cfmr:bz_1671_bos_322|ITS|NR_175139.1
Boletus_0477	jvi3|ITS|OM891839.1
Boletus_0478	2|ITS|OM809175.1
Boletus_0479	35|ITS|OM747648.1
Boletus_0480	2|ITS|OM747566.1
Boletus_0481	pul:pul00031021|ITS|OM747565.1
Boletus_0482	nu_bot_gn_br_011|ITS|OM728307.1
Boletus_0483	2006_08_18_p.thill|ITS|OM630450.1
Boletus_0484	MZ955959.2|ITS|MZ955959.2
Boletus_0485	fbozok00103|ITS|MK272794.1
Boletus_0486	fbozok00036|ITS|MK272766.1
Boletus_0487	fbozok0014|ITS|MK272762.1
Boletus_0488	fbozok00015|ITS|MK272761.1
Boletus_0489	jlh_6572_19|ITS|OM200339.1
Boletus_0490	200820_h07|ITS|MW291098.1
Boletus_0491	ld2021_8_24_10|ITS|OL998852.1
Boletus_0492	g2_3_5p13|ITS|MW794035.1
Boletus_0493	g2_1_12r12|ITS|MW793913.1
Boletus_0494	le312698|ITS|MZ451344.1
Boletus_0495	le312687|ITS|MZ451343.1
Boletus_0496	bed1|ITS|OL739364.1
Boletus_0497	rlc_383|ITS|MW374174.1
Boletus_0498	rpr_340|ITS|MW374147.1
Boletus_0499	inat:95754281|ITS|OL584417.1
Boletus_0500	inat:95858400|ITS|OL584415.1
Boletus_0501	enshihoushan1|ITS|OK642581.1
Boletus_0502	a02101|ITS|LC651028.1
Boletus_0503	MT939497.1|ITS|MT939497.1
Boletus_0504	MN764189.1|ITS|MN764189.1
Boletus_0505	MN752406.1|ITS|MN752406.1
Boletus_0506	ubc:f31028|ITS|MZ817037.1
Boletus_0507	ubc:f32572|ITS|MZ817030.1
Boletus_0508	ubc:f32849|ITS|MZ817028.1
Boletus_0509	ubc:f32777|ITS|MZ817027.1
Boletus_0510	ubc:f32775|ITS|MZ817026.1
Boletus_0511	ubc:f32771|ITS|MZ817025.1
Boletus_0512	ubc:f23803|ITS|MZ817024.1
Boletus_0513	ubc:f27754|ITS|MZ817023.1
Boletus_0514	ubc:f23804|ITS|MZ817022.1
Boletus_0515	ubc:f26952|ITS|MZ817021.1
Boletus_0516	cdn2207|ITS|MZ751065.1
Boletus_0517	n.k.zeng3093|ITS|MT822932.1
Boletus_0518	tenn:070696|ITS|MG663300.1
Boletus_0519	tenn:067272|ITS|MG663271.1
Boletus_0520	izs81737/4_136|ITS|MZ005535.1
Boletus_0521	izs130|ITS|MZ005533.1
Boletus_0522	perth:8477833|ITS|MT537040.1
Boletus_0523	perth:8477744|ITS|MT537038.1
Boletus_0524	km:250341|ITS|MZ159701.1
Boletus_0525	wm33|ITS|MZ165224.1
Boletus_0526	ymf5.0015|ITS|MW932685.1
Boletus_0527	ymf5.0021|ITS|MW932684.1
Boletus_0528	ymf5.0017|ITS|MW932683.1
Boletus_0529	ymf5.0109|ITS|MW893264.1
Boletus_0530	ymf5.0023|ITS|MW874497.1
Boletus_0531	ymf5.0022|ITS|MW874496.1
Boletus_0532	ymf5.0021|ITS|MW874495.1
Boletus_0533	ymf5.0020|ITS|MW874494.1
Boletus_0534	ymf5.0019|ITS|MW874493.1
Boletus_0535	ny815466|ITS|JQ924310.1
Boletus_0536	ny796171|ITS|JQ924309.1
Boletus_0537	ny796165|ITS|JQ924308.1
Boletus_0538	ny175332|ITS|JQ924307.1
Boletus_0539	ny575831|ITS|JQ924306.1
Boletus_0540	pdd93803|ITS|JQ924295.1
Boletus_0541	pdd87294|ITS|JQ924292.1
Boletus_0542	taxon_253|ITS|MW899470.1
Boletus_0543	ny:03817563|ITS|MW899053.1
Boletus_0544	psms_1_10|ITS|MW879315.1
Boletus_0545	110117mfbpl0166|ITS|MW554377.1
Boletus_0546	120119mfbpzh0993|ITS|MW554081.1
Boletus_0547	sfc20140822_46|ITS|MN794902.1
Boletus_0548	ny75256|ITS|MG832043.1
Boletus_0549	m631|ITS|MW485555.1
Boletus_0550	jlf7912|ITS|MW424512.1
Boletus_0551	jlf7855|ITS|MW424511.1
Boletus_0552	jlf7668|ITS|MW424510.1
Boletus_0553	jlf7562|ITS|MW424509.1
Boletus_0554	jlf7550|ITS|MW424508.1
Boletus_0555	jlf8937|ITS|MW375484.1
Boletus_0556	18605|ITS|JF907801.1
Boletus_0557	18069|ITS|JF907792.1
Boletus_0558	17696|ITS|JF907789.1
Boletus_0559	17212|ITS|JF907787.1
Boletus_0560	pdd:96040|ITS|JQ694122.1
Boletus_0561	jlf_x02|ITS|KU144819.1
Boletus_0562	jlf_x01|ITS|KU144818.1
Boletus_0563	MW039887.1|ITS|MW039887.1
Boletus_0564	MW027993.1|ITS|MW027993.1
Boletus_0565	MW027992.1|ITS|MW027992.1
Boletus_0566	soc_538|ITS|AY918960.1
Boletus_0567	MN818524.1|ITS|MN818524.1
Boletus_0568	otu601|ITS|MT596261.1
Boletus_0569	hkas105273|ITS|MT520083.1
Boletus_0570	pdd:104355|ITS|KP191796.1
Boletus_0571	tenn_f_072104h2|ITS|MK840953.1
Boletus_0572	tenn_f_072104h1|ITS|MK840952.1
Boletus_0573	tenn_f_072019h2|ITS|MK840951.1
Boletus_0574	tenn_f_072019h1|ITS|MK840950.1
Boletus_0575	tenn_f_072052|ITS|MK840949.1
Boletus_0576	tenn_f_072185|ITS|MK840948.1
Boletus_0577	mvc_745__flas_f_65871|ITS|MT366705.1
Boletus_0578	mvc_739__flas_f_65866|ITS|MT366704.1
Boletus_0579	cnv103|ITS|MT345279.1
Boletus_0580	306|ITS|MT278250.1
Boletus_0581	178|ITS|MT278215.1
Boletus_0582	wa0000072240|ITS|MT252575.1
Boletus_0583	wa0000072230|ITS|MT252570.1
Boletus_0584	wa0000072224|ITS|MT252569.1
Boletus_0585	wa0000072217|ITS|MT252563.1
Boletus_0586	flas:arb1267|ITS|NR_166216.1
Boletus_0587	ant127_qfb28754|ITS|MN992303.1
Boletus_0588	ant301_qfb28833|ITS|MN992302.1
Boletus_0589	jlf7499|ITS|MT133529.1
Boletus_0590	jlf7490|ITS|MT133528.1
Boletus_0591	jlf5439|ITS|MT133527.1
Boletus_0592	ka17_0339|ITS|MN294891.1
Boletus_0593	ka17_0560|ITS|MN294804.1
Boletus_0594	2|ITS|MK409368.1
Boletus_0595	strain_442|ITS|MK402138.1
Boletus_0596	ubc:f33451|ITS|MN954721.1
Boletus_0597	s.d._russell_mycomap_7620|ITS|MN906212.1
Boletus_0598	s.d._russell_mycomap_1169|ITS|MN906211.1
Boletus_0599	le315543|ITS|MN511176.1
Boletus_0600	le315542|ITS|MN511175.1
Boletus_0601	arora10038|ITS|KY713598.1
Boletus_0602	arora16535|ITS|KY713589.1
Boletus_0603	jlf4423|ITS|KY713585.1
Boletus_0604	jlf4412|ITS|KY713584.1
Boletus_0605	arora00186|ITS|KY713583.1
Boletus_0606	hmas_255518|ITS|MK966653.1
Boletus_0607	225bis|ITS|MN652653.1
Boletus_0608	90|ITS|MN649213.1
Boletus_0609	0a|ITS|MK402159.1
Boletus_0610	bol6|ITS|MN580132.1
Boletus_0611	bol5|ITS|MN580131.1
Boletus_0612	bol3|ITS|MN580129.1
Boletus_0613	bol2|ITS|MN580128.1
Boletus_0614	bol1|ITS|MN580127.1
Boletus_0615	bosp|ITS|MN580126.1
Boletus_0616	inaturalist_31881840|ITS|MN516742.1
Boletus_0617	flas_f_61051|ITS|MH281863.1
Boletus_0618	1046|ITS|MN380224.1
Boletus_0619	jlf6858|ITS|MN306144.1
Boletus_0620	cfmr:bz_2415_bos_487|ITS|MN250214.1
Boletus_0621	cfmr:dr_2803_djl_dr_17_1|ITS|MN250213.1
Boletus_0622	cfmr:bz_1671_bos_231|ITS|MN250212.1
Boletus_0623	cfmr:bz_3554_tjb_9854|ITS|MN250202.1
Boletus_0624	cfmr:bz_1611_bos_266|ITS|MN250201.1
Boletus_0625	cfmr:bz_2105_tjb_9385|ITS|MN250200.1
Boletus_0626	cfmr:dr_2841_tjb_9769|ITS|MN250199.1
Boletus_0627	cfmr:bz_3521_tjb_9821|ITS|MN250198.1
Boletus_0628	cfmr:bz_1671_bos_322|ITS|MN250197.1
Boletus_0629	dz_261802|ITS|MN128246.1
Boletus_0630	mushroom_observer_320304|ITS|MN128240.1
Boletus_0631	mushroom_observer_295394|ITS|MN128234.1
Boletus_0632	zt_myc_60013w|ITS|MK675105.1
Boletus_0633	zt_myc_60013f|ITS|MK675104.1
Boletus_0634	mushroom_observer_250473|ITS|MN114534.1
Boletus_0635	mushroom_observer_298498|ITS|MN114523.1
Boletus_0636	mushroom_observer_258950|ITS|MN108159.1
Boletus_0637	mushroom_observer_288500|ITS|MN105943.1
Boletus_0638	inat_14291078|ITS|MN049498.1
Boletus_0639	mhhnu_8340|ITS|MK253784.1
Boletus_0640	mushroomobserver.org/366923_arora_19036|ITS|MK942635.1
Boletus_0641	mushroomobserver.org/366922_arora_16559|ITS|MK942626.1
Boletus_0642	mushroomobserver.org/366921_arora_16558|ITS|MK942625.1
Boletus_0643	mushroomobserver.org/366917|ITS|MK942624.1
Boletus_0644	bos389|ITS|MK388293.1
Boletus_0645	sporocarp4_2018|ITS|MK674159.1
Boletus_0646	mushroom_observer_299731|ITS|MK607543.1
Boletus_0647	jlh_mycoportal_6594032|ITS|MK578686.1
Boletus_0648	sdr_nama_2017_137|ITS|MK575448.1
Boletus_0649	s.d._russell_mycomap_6632|ITS|MK560107.1
Boletus_0650	mushroom_observer_333089|ITS|MK542835.1
Boletus_0651	mushroom_observer_328940|ITS|MK532956.1
Boletus_0652	mt20f|ITS|MK529848.1
Boletus_0653	alv16746|ITS|MK408627.1
Boletus_0654	m10|ITS|MK389357.1
Boletus_0655	mushroomobserver.org/353246|ITS|MK346151.1
Boletus_0656	mushroom_observer_205929|ITS|MK303618.1
Boletus_0657	mushroom_observer_326105|ITS|MK290825.1
Boletus_0658	mushroom_observer_326103|ITS|MK290750.1
Boletus_0659	ubc_f32577|ITS|MG969974.1
Boletus_0660	ncngj|ITS|MK123326.1
Boletus_0661	mich:5399|ITS|NR_119675.1
Boletus_0662	mich:10007|ITS|NR_119674.1
Boletus_0663	mich:10063|ITS|NR_119673.1
Boletus_0664	tmi:18352|ITS|NR_119672.1
Boletus_0665	buf:both4244|ITS|NR_119671.1
Boletus_0666	ym1084|ITS|AB848414.1
Boletus_0667	ym2932|ITS|AB848413.1
Boletus_0668	ym2273|ITS|AB848412.1
Boletus_0669	ym3255|ITS|AB848411.1
Boletus_0670	ym360|ITS|AB848410.1
Boletus_0671	ym709|ITS|AB848409.1
Boletus_0672	ym952|ITS|AB848408.1
Boletus_0673	ym1019|ITS|AB848407.1
Boletus_0674	ns072011|ITS|KX610671.1
Boletus_0675	wa0000071094|ITS|MK028947.1
Boletus_0676	wa0000071082|ITS|MK028937.1
Boletus_0677	wa0000071081|ITS|MK028936.1
Boletus_0678	wa0000071073|ITS|MK028929.1
Boletus_0679	wa0000071069|ITS|MK028925.1
Boletus_0680	wa0000071066|ITS|MK028922.1
Boletus_0681	wa0000071060|ITS|MK028916.1
Boletus_0682	wa0000071055|ITS|MK028911.1
Boletus_0683	wa0000071050|ITS|MK028907.1
Boletus_0684	wa0000071049|ITS|MK028906.1
Boletus_0685	wa0000071048|ITS|MK028905.1
Boletus_0686	wa0000071047|ITS|MK028904.1
Boletus_0687	wa0000071014|ITS|MK028876.1
Boletus_0688	wa0000071013|ITS|MK028875.1
Boletus_0689	jlf5435|ITS|MK027300.1
Boletus_0690	jlf5430|ITS|MK027299.1
Boletus_0691	jlf5401|ITS|MK027298.1
Boletus_0692	mushroom_observer_331948|ITS|MH892345.1
Boletus_0693	ml41862ba|ITS|MH011853.1
Boletus_0694	mushroom_observer_325444|ITS|MH807936.1
Boletus_0695	mushroom_observer_325450|ITS|MH807832.1
Boletus_0696	hkas:53613|ITS|NR_158292.1
Boletus_0697	ubc_f_30908|ITS|MF955196.1
Boletus_0698	ubc_f_32358|ITS|MF955117.1
Boletus_0699	ubc_f_31138|ITS|MF955116.1
Boletus_0700	ubc_f_32159|ITS|MF955115.1
Boletus_0701	ubc_f_31028|ITS|MF955114.1
Boletus_0702	psc_2651|ITS|JQ277466.1
Boletus_0703	lah35286|ITS|MF288903.1
Boletus_0704	lah35287|ITS|MF288902.1
Boletus_0705	jlf2986|ITS|MH656695.1
Boletus_0706	alv8655|ITS|MH644798.1
Boletus_0707	arb1268|ITS|MH607614.1
Boletus_0708	arb1334|ITS|MH605351.1
Boletus_0709	flas_f_61593|ITS|MH558623.1
Boletus_0710	cm13_279|ITS|KY774025.1
Boletus_0711	cm13_254|ITS|KY774024.1
Boletus_0712	cm13_053_1|ITS|KY774023.1
Boletus_0713	cy13_205|ITS|KY774022.1
Boletus_0714	cy14_035|ITS|KY774021.1
Boletus_0715	cy13_170|ITS|KY774020.1
Boletus_0716	cy13_191|ITS|KY774019.1
Boletus_0717	pgk13_034|ITS|KY774018.1
Boletus_0718	cm13_059|ITS|KY774017.1
Boletus_0719	pgk13_185|ITS|KY774016.1
Boletus_0720	cm13_253|ITS|KY774015.1
Boletus_0721	cy14_036|ITS|KY774014.1
Boletus_0722	pgkmy33g4|ITS|KY774013.1
Boletus_0723	inaturalist.org_13157678|ITS|MH517416.1
Boletus_0724	mushroom_observer_317671|ITS|MH488754.1
Boletus_0725	mushroomobserver.org/314993|ITS|MH298910.1
Boletus_0726	jlf2782|ITS|MH277494.1
Boletus_0727	mushroom_observer_288555|ITS|MH257571.1
Boletus_0728	mushroom_observer_279418|ITS|MH257566.1
Boletus_0729	mushroom_observer_282673|ITS|MH257560.1
Boletus_0730	mushroom_observer_278521|ITS|MH257554.1
Boletus_0731	mushroom_observer_255442|ITS|MH257552.1
Boletus_0732	mushroom_observer_254730|ITS|MH257547.1
Boletus_0733	mushroom_observer_178379|ITS|MH249932.1
Boletus_0734	mushroom_observer_279688|ITS|MH238489.1
Boletus_0735	mushroom_observer_281329|ITS|MH236222.1
Boletus_0736	mushroom_observer_244412|ITS|MH235229.1
Boletus_0737	boletus004fra|ITS|KU924293.1
Boletus_0738	mushroom_observer_206608|ITS|MH220323.1
Boletus_0739	ns081912|ITS|MH213060.1
Boletus_0740	ns081111|ITS|MH203890.1
Boletus_0741	arora17845|ITS|MH203889.1
Boletus_0742	jlf5661|ITS|MH203888.1
Boletus_0743	jlf5388|ITS|MH203887.1
Boletus_0744	ns2533|ITS|MH203880.1
Boletus_0745	ns2532|ITS|MH203879.1
Boletus_0746	ynbe_1|ITS|MF687864.1
Boletus_0747	ynba_1|ITS|MF687863.1
Boletus_0748	mushroomobserver.org/310810|ITS|MH158633.1
Boletus_0749	jlf3567|ITS|MF189896.1
Boletus_0750	jlf3508|ITS|MF189895.1
Boletus_0751	jlf3503|ITS|MF189894.1
Boletus_0752	jlf3467|ITS|MF189893.1
Boletus_0753	jlf3434|ITS|MF189892.1
Boletus_0754	jlf3431|ITS|MF189891.1
Boletus_0755	jlf2916|ITS|MF189890.1
Boletus_0756	mushroomobserver.org/222532|ITS|MG919994.1
Boletus_0757	hkas:71352|ITS|NR_153606.1
Boletus_0758	hkas:53403|ITS|NR_153605.1
Boletus_0759	hkas:50496|ITS|NR_153604.1
Boletus_0760	hkas:57435|ITS|NR_153603.1
Boletus_0761	hkas:55975|ITS|NR_153602.1
Boletus_0762	ac853|ITS|KY548911.1
Boletus_0763	ac689|ITS|KY548897.1
Boletus_0764	ac54|ITS|KY548850.1
Boletus_0765	bri:r.e._halling_8969|ITS|NR_151833.1
Boletus_0766	bbr|ITS|MG806927.1
Boletus_0767	mflu:d.e._desjardin_7854|ITS|NR_151834.1
Boletus_0768	k:189052|ITS|NR_137845.1
Boletus_0769	hkas:62907|ITS|NR_137805.1
Boletus_0770	sfsu:arora11340|ITS|NR_137806.1
Boletus_0771	sam147w02|ITS|MG018129.1
Boletus_0772	fam145e02|ITS|MG018090.1
Boletus_0773	fam067e01|ITS|MG018083.1
Boletus_0774	cin236e02_2|ITS|MG018067.1
Boletus_0775	0192|ITS|MG597335.1
Boletus_0776	0273|ITS|MG597334.1
Boletus_0777	3685|ITS|KM248945.1
Boletus_0778	2154_qfb_25823|ITS|KM248944.1
Boletus_0779	2172_qfb_25844|ITS|KM248943.1
Boletus_0780	1537|ITS|KM248929.1
Boletus_0781	3733|ITS|KM248928.1
Boletus_0782	3693|ITS|KM248927.1
Boletus_0783	4401|ITS|KM248924.1
Boletus_0784	1506_q_6073|ITS|KM248923.1
Boletus_0785	2153_qfb_25847|ITS|KM248922.1
Boletus_0786	dc_16_027|ITS|KX641171.1
Boletus_0787	KP938967.1|ITS|KP938967.1
Boletus_0788	hkas50496|ITS|JN563923.1
Boletus_0789	cfmr:both_4561|ITS|KM675995.1
Boletus_0790	djj|ITS|KY741856.1
Boletus_0791	hkas83204|ITS|KM820800.1
Boletus_0792	hkas83199|ITS|KM820799.1
Boletus_0793	hkas83138|ITS|KM820798.1
Boletus_0794	hkas83086|ITS|KM820797.1
Boletus_0795	hkas79721|ITS|KM820796.1
Boletus_0796	hkas57472|ITS|KM820795.1
Boletus_0797	hkas57472|ITS|KM820794.1
Boletus_0798	hkas83098|ITS|KM820793.1
Boletus_0799	hkas83205|ITS|KM820792.1
Boletus_0800	hkas83203|ITS|KM820791.1
Boletus_0801	hkas83195|ITS|KM820790.1
Boletus_0802	hkas83194|ITS|KM820789.1
Boletus_0803	hkas82472|ITS|KM820788.1
Boletus_0804	hkas82472|ITS|KM820787.1
Boletus_0805	sk1058|ITS|MF352685.1
Boletus_0806	sk1029|ITS|MF352684.1
Boletus_0807	sk1048|ITS|MF352683.1
Boletus_0808	sk0352|ITS|MF352682.1
Boletus_0809	mo167169|ITS|KX610683.1
Boletus_0810	arb1267|ITS|KX610682.1
Boletus_0811	tib544|ITS|KX610670.1
Boletus_0812	tib519|ITS|KX610669.1
Boletus_0813	tib518|ITS|KX610668.1
Boletus_0814	pdd:97920|ITS|JX258840.1
Boletus_0815	KY595992.1|ITS|KY595992.1
Boletus_0816	KY595994.1|ITS|KY595994.1
Boletus_0817	cmub39827|ITS|KX575662.1
Boletus_0818	tz12|ITS|LN714527.1
Boletus_0819	champ_12|ITS|KX449415.1
Boletus_0820	mb000275|ITS|KU317751.1
Boletus_0821	prm857093|ITS|KU317750.1
Boletus_0822	2|ITS|KY649458.1
Boletus_0823	cmu51_sl_29|ITS|KX017300.1
Boletus_0824	jlf3512|ITS|KU160178.1
Boletus_0825	h21533|ITS|KU973833.1
Boletus_0826	hc_pnnt_241|ITS|KT874973.1
Boletus_0827	hc_pnnt_056|ITS|KT874972.1
Boletus_0828	hc_pnnt_223|ITS|KT874971.1
Boletus_0829	hc_pnnt_038|ITS|KT874970.1
Boletus_0830	hc_pnnt_286|ITS|KT874969.1
Boletus_0831	hc_pnnt_060|ITS|KT874968.1
Boletus_0832	ar09588|ITS|KT874967.1
Boletus_0833	hc_pnnt_153|ITS|KT874965.1
Boletus_0834	hc_pnnt_232|ITS|KT874964.1
Boletus_0835	hc_pnnt_111|ITS|KT874963.1
Boletus_0836	cb0843|ITS|KT874962.1
Boletus_0837	hc_pnnt_239|ITS|KT874961.1
Boletus_0838	cb08315|ITS|KT874960.1
Boletus_0839	hc_pnnt_127|ITS|KT874959.1
Boletus_0840	hc_pnnt_009|ITS|KT874958.1
Boletus_0841	wa0000052300|ITS|KX756396.1
Boletus_0842	wa0000052295|ITS|KX756395.1
Boletus_0843	wa0000052266|ITS|KX756394.1
Boletus_0844	cfmr:bos_885|ITS|KM675997.1
Boletus_0845	mrno420|ITS|LC176787.1
Boletus_0846	mrno457|ITS|LC176767.1
Boletus_0847	mrno395|ITS|LC176760.1
Boletus_0848	groc_11407|ITS|KT693261.1
Boletus_0849	groc_11407|ITS|KT693260.1
Boletus_0850	zt:myc3883|ITS|KX002263.1
Boletus_0851	zt:myc3877|ITS|KX002262.1
Boletus_0852	beprilba_czechia|ITS|KX239483.1
Boletus_0853	beprilba_czechia|ITS|KX239482.1
Boletus_0854	e.e._both_3765|ITS|KT002606.1
Boletus_0855	reh8969|ITS|JN020990.1
Boletus_0856	g2101|ITS|KJ786683.1
Boletus_0857	KU880711.1|ITS|KU880711.1
Boletus_0858	ukmg03|ITS|KT582202.1
Boletus_0859	go_2009_283|ITS|KC152074.1
Boletus_0860	tb_2010_mex_13|ITS|KC152073.1
Boletus_0861	go_2009_282|ITS|KC152072.1
Boletus_0862	go_2010_080|ITS|KC152071.1
Boletus_0863	p_80|ITS|KT203391.1
Boletus_0864	d139|ITS|KT002371.1
Boletus_0865	uf536|ITS|HM347648.1
Boletus_0866	mrno130|ITS|LC068782.1
Boletus_0867	wu_31458|ITS|KM198319.1
Boletus_0868	wu_31661|ITS|KM198318.1
Boletus_0869	wu_26120|ITS|KM198316.1
Boletus_0870	wu_36053|ITS|KM198314.1
Boletus_0871	le_287834|ITS|KC422629.1
Boletus_0872	le_2967|ITS|KC422628.1
Boletus_0873	le_287809|ITS|KC422627.1
Boletus_0874	le_287808|ITS|KC422626.1
Boletus_0875	le_287807|ITS|KC422625.1
Boletus_0876	le_287806|ITS|KC422624.1
Boletus_0877	le_287805|ITS|KC422623.1
Boletus_0878	le_287804|ITS|KC422622.1
Boletus_0879	le_287803|ITS|KC422621.1
Boletus_0880	le_287802|ITS|KC422620.1
Boletus_0881	le_287801|ITS|KC422619.1
Boletus_0882	le_287800|ITS|KC422618.1
Boletus_0883	le_287799|ITS|KC422617.1
Boletus_0884	le_287798|ITS|KC422616.1
Boletus_0885	le_287797|ITS|KC422615.1
Boletus_0886	le_287796|ITS|KC422614.1
Boletus_0887	le_287795|ITS|KC422613.1
Boletus_0888	le_287794|ITS|KC422612.1
Boletus_0889	le_287793|ITS|KC422611.1
Boletus_0890	le_287792|ITS|KC422610.1
Boletus_0891	le_287791|ITS|KC422609.1
Boletus_0892	le_287790|ITS|KC422608.1
Boletus_0893	le_287789|ITS|KC422607.1
Boletus_0894	le_287788|ITS|KC422606.1
Boletus_0895	le_287787|ITS|KC422605.1
Boletus_0896	le_287786|ITS|KC422604.1
Boletus_0897	le_5137|ITS|KC422603.1
Boletus_0898	le_5141|ITS|KC422602.1
Boletus_0899	le_198384|ITS|KC422601.1
Boletus_0900	le_203164|ITS|KC422600.1
Boletus_0901	le_197301|ITS|KC422599.1
Boletus_0902	le_23927|ITS|KC422598.1
Boletus_0903	le_215229|ITS|KC422597.1
Boletus_0904	le_215256|ITS|KC422596.1
Boletus_0905	le_203191|ITS|KC422595.1
Boletus_0906	le_217008|ITS|KC422594.1
Boletus_0907	le_23913|ITS|KC422593.1
Boletus_0908	le_246235|ITS|KC422592.1
Boletus_0909	le_197349|ITS|KC422591.1
Boletus_0910	le_23929|ITS|KC422590.1
Boletus_0911	le_234817|ITS|KC422589.1
Boletus_0912	le_5124|ITS|KC422588.1
Boletus_0913	le_215040|ITS|KC422587.1
Boletus_0914	le_217001|ITS|KC422586.1
Boletus_0915	le_258374|ITS|KC422585.1
Boletus_0916	le_217010|ITS|KC422584.1
Boletus_0917	le_215382|ITS|KC422583.1
Boletus_0918	le_197343|ITS|KC422582.1
Boletus_0919	le_258376|ITS|KC422581.1
Boletus_0920	le_246240|ITS|KC422580.1
Boletus_0921	le_5158|ITS|KC422579.1
Boletus_0922	le_234822|ITS|KC422578.1
Boletus_0923	reh8790|ITS|KF668279.1
Boletus_0924	JQ178324.1|ITS|JQ178324.1
Boletus_0925	ded7854|ITS|JN020991.1
Boletus_0926	mel:2382637|ITS|KP012999.1
Boletus_0927	mel:2382602|ITS|KP012881.1
Boletus_0928	mel:2383010|ITS|KP012862.1
Boletus_0929	mel:2382991|ITS|KP012846.1
Boletus_0930	mel:2382924|ITS|KP012793.1
Boletus_0931	mel:2382865|ITS|KP012739.1
Boletus_0932	KP031596.1|ITS|KP031596.1
Boletus_0933	KP031595.1|ITS|KP031595.1
Boletus_0934	KP031594.1|ITS|KP031594.1
Boletus_0935	2232|ITS|KP031593.1
Boletus_0936	KP031592.1|ITS|KP031592.1
Boletus_0937	2231|ITS|KP031591.1
Boletus_0938	KP031590.1|ITS|KP031590.1
Boletus_0939	2230|ITS|KP031589.1
Boletus_0940	2226|ITS|KP031588.1
Boletus_0941	2226|ITS|KP031587.1
Boletus_0942	2224|ITS|KP031586.1
Boletus_0943	2223|ITS|KP031585.1
Boletus_0944	2220|ITS|KP031584.1
Boletus_0945	2216|ITS|KP031583.1
Boletus_0946	2215|ITS|KP031582.1
Boletus_0947	KP031581.1|ITS|KP031581.1
Boletus_0948	2214|ITS|KP031580.1
Boletus_0949	2210|ITS|KP031579.1
Boletus_0950	be_2206|ITS|KP031578.1
Boletus_0951	be_2202|ITS|KP031577.1
Boletus_0952	osa:my3698|ITS|AB821462.1
Boletus_0953	personal:akiyoshi_yamada:afan030723|ITS|AB821461.1
Boletus_0954	tns:f55588|ITS|AB821460.1
Boletus_0955	tns:f55587|ITS|AB821459.1
Boletus_0956	tns:f55586|ITS|AB821458.1
Boletus_0957	tns:f55585|ITS|AB821457.1
Boletus_0958	tns:f55584|ITS|AB821456.1
Boletus_0959	tns:f55583|ITS|AB821455.1
Boletus_0960	tns:f55582|ITS|AB821454.1
Boletus_0961	tns:f55581|ITS|AB821453.1
Boletus_0962	tns:f55580|ITS|AB821452.1
Boletus_0963	tns:f55579|ITS|AB821451.1
Boletus_0964	tns:f55578|ITS|AB821450.1
Boletus_0965	tns:f55577|ITS|AB821449.1
Boletus_0966	tns:f55576|ITS|AB821448.1
Boletus_0967	tns:f55573|ITS|AB821447.1
Boletus_0968	tns:f55572|ITS|AB821446.1
Boletus_0969	lm5517|ITS|KM576325.1
Boletus_0970	lm5653|ITS|KM576324.1
Boletus_0971	lm5129|ITS|KM576323.1
Boletus_0972	lm3999|ITS|KM576322.1
Boletus_0973	lm3496|ITS|KM576321.1
Boletus_0974	lm4728|ITS|KM576320.1
Boletus_0975	lm6020|ITS|KM576319.1
Boletus_0976	lm1866|ITS|KM576318.1
Boletus_0977	lm1023|ITS|KM576317.1
Boletus_0978	lm5301|ITS|KM576316.1
Boletus_0979	d27|ITS|KM517248.1
Boletus_0980	b47|ITS|KM401598.1
Boletus_0981	b131|ITS|KM401597.1
Boletus_0982	fh:mes260|ITS|FJ480444.1
Boletus_0983	fh:mes244|ITS|FJ480442.1
Boletus_0984	fh:mes235|ITS|FJ480441.1
Boletus_0985	fh:mes228|ITS|FJ480439.1
Boletus_0986	fh:mes234|ITS|FJ480436.1
Boletus_0987	br57909|ITS|KM236044.1
Boletus_0988	br57908|ITS|KM236043.1
Boletus_0989	br57907|ITS|KM236042.1
Boletus_0990	br57906|ITS|KM236041.1
Boletus_0991	br57905|ITS|KM236040.1
Boletus_0992	br57904|ITS|KM236039.1
Boletus_0993	br57903|ITS|KM236038.1
Boletus_0994	br57902|ITS|KM236037.1
Boletus_0995	br57901|ITS|KM236036.1
Boletus_0996	be57206|ITS|KM236020.1
Boletus_0997	be57205|ITS|KM236019.1
Boletus_0998	be57204|ITS|KM236018.1
Boletus_0999	be57203|ITS|KM236017.1
Boletus_1000	be57202|ITS|KM236016.1
Boletus_1001	be57201|ITS|KM236015.1
Boletus_1002	bp5780010|ITS|KM236014.1
Boletus_1003	bp578009|ITS|KM236013.1
Boletus_1004	bp578008|ITS|KM236012.1
Boletus_1005	bp578007|ITS|KM236011.1
Boletus_1006	bp578006|ITS|KM236010.1
Boletus_1007	bp578005|ITS|KM236009.1
Boletus_1008	bp578004|ITS|KM236008.1
Boletus_1009	bp578003|ITS|KM236007.1
Boletus_1010	bp578002|ITS|KM236006.1
Boletus_1011	bp578001|ITS|KM236005.1
Boletus_1012	bb571015|ITS|KM235984.1
Boletus_1013	bb571014|ITS|KM235983.1
Boletus_1014	bb571013|ITS|KM235982.1
Boletus_1015	bb571012|ITS|KM235981.1
Boletus_1016	bb571011|ITS|KM235980.1
Boletus_1017	bb571010|ITS|KM235979.1
Boletus_1018	bb57109|ITS|KM235978.1
Boletus_1019	bb57108|ITS|KM235977.1
Boletus_1020	bb57107|ITS|KM235976.1
Boletus_1021	bb57106|ITS|KM235975.1
Boletus_1022	bb57105|ITS|KM235974.1
Boletus_1023	bb57104|ITS|KM235973.1
Boletus_1024	bb57103|ITS|KM235972.1
Boletus_1025	bb57102|ITS|KM235971.1
Boletus_1026	bb57101|ITS|KM235970.1
Boletus_1027	nve_474|ITS|KF937311.1
Boletus_1028	emf11|ITS|JF273514.1
Boletus_1029	emf7|ITS|JF273510.1
Boletus_1030	kd_014|ITS|KM014571.1
Boletus_1031	arora12010|ITS|KC900425.1
Boletus_1032	arora12008|ITS|KC900424.1
Boletus_1033	arora12014|ITS|KC900422.1
Boletus_1034	arora12011a|ITS|KC900421.1
Boletus_1035	arora12011b|ITS|KC900419.1
Boletus_1036	arora12007|ITS|KC900418.1
Boletus_1037	arora12006|ITS|KC900417.1
Boletus_1038	arora12005|ITS|KC900416.1
Boletus_1039	arora12004|ITS|KC900415.1
Boletus_1040	arora12003|ITS|KC900414.1
Boletus_1041	arora11340|ITS|KC900413.1
Boletus_1042	arora11339|ITS|KC900412.1
Boletus_1043	arora11338|ITS|KC900411.1
Boletus_1044	arora11336|ITS|KC900409.1
Boletus_1045	arora11335|ITS|KC900408.1
Boletus_1046	arora11334|ITS|KC900406.1
Boletus_1047	arora11332|ITS|KC900405.1
Boletus_1048	arora11331|ITS|KC900403.1
Boletus_1049	be102|ITS|KJ920140.1
Boletus_1050	AY130295.1|ITS|AY130295.1
Boletus_1051	b1|ITS|JX434687.1
Boletus_1052	is257p105|ITS|KJ828812.1
Boletus_1053	2c9|ITS|AB973752.1
Boletus_1054	2c1|ITS|AB973747.1
Boletus_1055	jlf2240|ITS|KC184488.1
Boletus_1056	jlf2012|ITS|KC184486.1
Boletus_1057	jlf2273|ITS|KC184484.1
Boletus_1058	arora11223|ITS|KC184481.1
Boletus_1059	arora12009|ITS|KC184479.1
Boletus_1060	dw73672|ITS|KC184478.1
Boletus_1061	arora11224|ITS|KC184476.1
Boletus_1062	jlf2566|ITS|KC184466.1
Boletus_1063	jlf2565|ITS|KC184464.1
Boletus_1064	r2|ITS|KJ173912.1
Boletus_1065	sj7|ITS|KJ131226.1
Boletus_1066	lah_sj6_2013|ITS|KJ131225.1
Boletus_1067	63lah0811|ITS|KJ131224.1
Boletus_1068	cwch|ITS|KF986268.1
Boletus_1069	hkas:62907|ITS|KC886282.1
Boletus_1070	km189449|ITS|KF854283.1
Boletus_1071	km189450|ITS|KF854282.1
Boletus_1072	km189097|ITS|KF854281.1
Boletus_1073	km189053|ITS|KF815937.1
Boletus_1074	km189098|ITS|KF815936.1
Boletus_1075	km189096|ITS|KF815935.1
Boletus_1076	km189052|ITS|KF815934.1
Boletus_1077	km189105|ITS|KF815933.1
Boletus_1078	km189104|ITS|KF815932.1
Boletus_1079	km189103|ITS|KF815931.1
Boletus_1080	km189102|ITS|KF815930.1
Boletus_1081	km189101|ITS|KF815929.1
Boletus_1082	km189100|ITS|KF815928.1
Boletus_1083	km189099|ITS|KF815927.1
Boletus_1084	km189051|ITS|KF815926.1
Boletus_1085	osa:my4415|ITS|AB827926.1
Boletus_1086	irta702|ITS|DQ002921.1
Boletus_1087	asis23225|ITS|KF692085.1
Boletus_1088	q33|ITS|KC414231.1
Boletus_1089	jlf2592|ITS|KF386767.1
Boletus_1090	83|ITS|HE814237.1
Boletus_1091	6170|ITS|HE814224.1
Boletus_1092	3343|ITS|HE814204.1
Boletus_1093	11|ITS|HE814066.1
Boletus_1094	2163|ITS|KC750240.1
Boletus_1095	2162|ITS|KC750239.1
Boletus_1096	2161|ITS|KC750238.1
Boletus_1097	2160|ITS|KC750237.1
Boletus_1098	2100|ITS|KC750236.1
Boletus_1099	2097|ITS|KC750235.1
Boletus_1100	2086|ITS|KC750234.1
Boletus_1101	2008|ITS|KC750233.1
Boletus_1102	2007|ITS|KC750232.1
Boletus_1103	411|ITS|KC750231.1
Boletus_1104	2121|ITS|KC750230.1
Boletus_1105	2074|ITS|KC750229.1
Boletus_1106	2066|ITS|KC750228.1
Boletus_1107	2059|ITS|KC750227.1
Boletus_1108	412|ITS|KC750226.1
Boletus_1109	410|ITS|KC750225.1
Boletus_1110	409|ITS|KC750224.1
Boletus_1111	392|ITS|KC750223.1
Boletus_1112	375|ITS|KC750222.1
Boletus_1113	2164|ITS|KC750221.1
Boletus_1114	he2721|ITS|KC505586.1
Boletus_1115	hkas:63126|ITS|JN205456.1
Boletus_1116	1055|ITS|KC261839.1
Boletus_1117	1050|ITS|KC261838.1
Boletus_1118	1056|ITS|KC261837.1
Boletus_1119	388|ITS|KC261836.1
Boletus_1120	1053|ITS|KC261835.1
Boletus_1121	386|ITS|KC261834.1
Boletus_1122	2010|ITS|KC261833.1
Boletus_1123	2000|ITS|KC261832.1
Boletus_1124	1099|ITS|KC261831.1
Boletus_1125	1045|ITS|KC261830.1
Boletus_1126	2175|ITS|KC261829.1
Boletus_1127	1042|ITS|KC261828.1
Boletus_1128	2177|ITS|KC261827.1
Boletus_1129	2166|ITS|KC261826.1
Boletus_1130	1058|ITS|KC261825.1
Boletus_1131	370|ITS|KC261824.1
Boletus_1132	1051|ITS|KC261823.1
Boletus_1133	316|ITS|KC261822.1
Boletus_1134	317|ITS|KC261821.1
Boletus_1135	391|ITS|KC261820.1
Boletus_1136	369|ITS|KC261819.1
Boletus_1137	u1z_3|ITS|JX030290.1
Boletus_1138	goldie_u2lsc|ITS|JX030209.1
Boletus_1139	42159|ITS|HQ882207.1
Boletus_1140	28301|ITS|HQ882206.1
Boletus_1141	26581|ITS|HQ882205.1
Boletus_1142	20569|ITS|HQ882204.1
Boletus_1143	19156|ITS|HQ882203.1
Boletus_1144	b334|ITS|FN669289.1
Boletus_1145	ded7034|ITS|EU231992.2
Boletus_1146	sweringen_12.11.99_sfsu|ITS|EU231991.2
Boletus_1147	willits_1_sfsu|ITS|EU231990.2
Boletus_1148	bd298_min|ITS|EU231985.2
Boletus_1149	bd380_min|ITS|EU231984.2
Boletus_1150	trudell_03_289_09|ITS|EU231983.2
Boletus_1151	djm1345|ITS|EU231982.2
Boletus_1152	bd300_min|ITS|EU231980.2
Boletus_1153	snf326|ITS|EU231971.2
Boletus_1154	jfa13101|ITS|EU231969.2
Boletus_1155	hkas39145|ITS|EU231966.2
Boletus_1156	bd245_min|ITS|EU231958.2
Boletus_1157	both4244|ITS|EU231954.2
Boletus_1158	bd306_min|ITS|EU231949.2
Boletus_1159	pam06_112001|ITS|EU231948.2
Boletus_1160	pam06_112612|ITS|EU231946.2
Boletus_1161	reh8947|ITS|JN020992.1
Boletus_1162	trappe607|ITS|EU231989.1
Boletus_1163	both3820|ITS|EU231988.1
Boletus_1164	bd264_min|ITS|EU231987.1
Boletus_1165	bd383_min|ITS|EU231986.1
Boletus_1166	tdb2997|ITS|EU231981.1
Boletus_1167	both4588|ITS|EU231979.1
Boletus_1168	jfa2004|ITS|EU231978.1
Boletus_1169	jfa2013|ITS|EU231977.1
Boletus_1170	ahs71914|ITS|EU231976.1
Boletus_1171	bd195_min|ITS|EU231975.1
Boletus_1172	bd186_min|ITS|EU231974.1
Boletus_1173	tdb1658|ITS|EU231973.1
Boletus_1174	tdb1653|ITS|EU231972.1
Boletus_1175	hdt8907|ITS|EU231970.1
Boletus_1176	hkas39222|ITS|EU231968.1
Boletus_1177	hkas47563|ITS|EU231965.1
Boletus_1178	okm22130|ITS|EU231964.1
Boletus_1179	bd190_min|ITS|EU231963.1
Boletus_1180	ahs75914|ITS|EU231962.1
Boletus_1181	bd201_min|ITS|EU231961.1
Boletus_1182	tmi_18352|ITS|EU231960.1
Boletus_1183	tmi_17481|ITS|EU231959.1
Boletus_1184	reh8545|ITS|EU231957.1
Boletus_1185	reh8527|ITS|EU231956.1
Boletus_1186	reh7756|ITS|EU231955.1
Boletus_1187	bdcr0417_min|ITS|EU231953.1
Boletus_1188	reh7356|ITS|EU231952.1
Boletus_1189	bd58_min|ITS|EU231951.1
Boletus_1190	bd304_min|ITS|EU231950.1
Boletus_1191	cl.m.03.715|ITS|EU231947.1
Boletus_1192	jfa21519|ITS|EU231945.1
Boletus_1193	okm21579|ITS|EU231944.1
Boletus_1194	JX573535.1|ITS|JX573535.1
Boletus_1195	ia05_02|ITS|JQ888155.1
Boletus_1196	dg05_17|ITS|JQ888154.1
Boletus_1197	hkas71348|ITS|JQ172786.1
Boletus_1198	hkas71352|ITS|JQ172785.1
Boletus_1199	hkas71347|ITS|JQ172784.1
Boletus_1200	hkas71351|ITS|JQ172783.1
Boletus_1201	hkas71350|ITS|JQ172782.1
Boletus_1202	hkas71349|ITS|JQ172781.1
Boletus_1203	tmi24051|ITS|JQ172780.1
Boletus_1204	hkas53403|ITS|JN563925.1
Boletus_1205	hkas62905|ITS|JN563924.1
Boletus_1206	hkas50339|ITS|JN563922.1
Boletus_1207	hkas57435|ITS|JN563921.1
Boletus_1208	hkas62904|ITS|JN563920.1
Boletus_1209	hkas50397|ITS|JN563919.1
Boletus_1210	hkas55089|ITS|JN563918.1
Boletus_1211	hkas55334|ITS|JN563917.1
Boletus_1212	hkas55396|ITS|JN563916.1
Boletus_1213	hkas55425|ITS|JN563915.1
Boletus_1214	hkas55426|ITS|JN563914.1
Boletus_1215	hkas55282|ITS|JN563913.1
Boletus_1216	hkas55284|ITS|JN563912.1
Boletus_1217	hkas55285|ITS|JN563911.1
Boletus_1218	hkas55394|ITS|JN563910.1
Boletus_1219	hkas58994|ITS|JN563909.1
Boletus_1220	hkas62896|ITS|JN563908.1
Boletus_1221	hkas62899|ITS|JN563907.1
Boletus_1222	hmjau3290|ITS|JN563906.1
Boletus_1223	hkas52235|ITS|JN563905.1
Boletus_1224	hkas55266|ITS|JN563904.1
Boletus_1225	hkas55382|ITS|JN563903.1
Boletus_1226	hkas55393|ITS|JN563902.1
Boletus_1227	hkas59539|ITS|JN563901.1
Boletus_1228	hkas53412|ITS|JN563900.1
Boletus_1229	hkas55975|ITS|JN563899.1
Boletus_1230	hkas50602|ITS|JN563898.1
Boletus_1231	hkas53613|ITS|JN563897.1
Boletus_1232	hkas55436|ITS|JN563896.1
Boletus_1233	hkas55443|ITS|JN563895.1
Boletus_1234	hmjau4637|ITS|JN563894.1
Boletus_1235	hmjau6823|ITS|JN563893.1
Boletus_1236	hmjau4548|ITS|JN563892.1
Boletus_1237	hkas52902|ITS|JN563891.1
Boletus_1238	hkas62898|ITS|JN563890.1
Boletus_1239	hkas62897|ITS|JN563889.1
Boletus_1240	hkas62909|ITS|JN563888.1
Boletus_1241	tw2|ITS|JN563887.1
Boletus_1242	tw3|ITS|JN563886.1
Boletus_1243	tw4|ITS|JN563885.1
Boletus_1244	hkas62910|ITS|JN563884.1
Boletus_1245	hkas45704|ITS|JN563883.1
Boletus_1246	hkas50942|ITS|JN563882.1
Boletus_1247	HE817960.1|ITS|HE817960.1
Boletus_1248	HE817959.1|ITS|HE817959.1
Boletus_1249	HE817958.1|ITS|HE817958.1
Boletus_1250	hkas41723|ITS|JN903704.1
Boletus_1251	hkas41720|ITS|JN903703.1
Boletus_1252	hkas14707|ITS|JN903702.1
Boletus_1253	bsyn1|ITS|JN903701.1
Boletus_1254	lebesp:fungi_2277|ITS|FM958186.1
Boletus_1255	lebesp:fungi_1589|ITS|FM958183.1
Boletus_1256	lebesp:fungi_1591|ITS|FM958182.1
Boletus_1257	lebesp:fungi_2277|ITS|FM958180.1
Boletus_1258	lebesp:fungi_2277|ITS|FM958178.1
Boletus_1259	lebesp:fungi_1589|ITS|FM958175.1
Boletus_1260	lebesp:fungi_1591|ITS|FM958174.1
Boletus_1261	dd08055|ITS|FJ810161.1
Boletus_1262	gd01|ITS|HQ651150.1
Boletus_1263	bd369|ITS|JN020994.1
Boletus_1264	bd150|ITS|JN020993.1
Boletus_1265	at2005005|ITS|JN020989.1
Boletus_1266	ded7033|ITS|JN020988.1
Boletus_1267	reh7356|ITS|JN020987.1
Boletus_1268	bd119|ITS|JN020985.1
Boletus_1269	bd306.2|ITS|JN020984.1
Boletus_1270	bd239|ITS|JN020983.1
Boletus_1271	en9282|ITS|JN020982.1
Boletus_1272	trtc156924|ITS|JN020980.1
Boletus_1273	at2005031|ITS|JN020979.1
Boletus_1274	at2005052|ITS|JN020978.1
Boletus_1275	bd265|ITS|JN020977.1
Boletus_1276	ecm12|ITS|GQ900530.1
Boletus_1277	davfp:29101|ITS|JF899550.1
Boletus_1278	4550ph_h|ITS|GU198978.1
Boletus_1279	lm_unah_0071|ITS|HM639275.1
Boletus_1280	lm_unah_0057|ITS|HM639266.1
Boletus_1281	lq42|ITS|GQ984159.1
Boletus_1282	be2425|ITS|GQ984158.1
Boletus_1283	FJ548566.1|ITS|FJ548566.1
Boletus_1284	375|ITS|EU554664.1
Boletus_1285	393|ITS|EU554663.1
Boletus_1286	1082|ITS|EU554662.1
Boletus_1287	1054|ITS|EU554661.1
Boletus_1288	ym6|ITS|EF646278.1
Boletus_1289	ym4|ITS|EF646277.1
Boletus_1290	2|ITS|EF565901.1
Boletus_1291	1|ITS|EF565900.1
Boletus_1292	bpi1|ITS|DQ679803.1
Boletus_1293	edu2|ITS|DQ352861.1
Boletus_1294	be1|ITS|EF517300.1
Boletus_1295	kun8|ITS|DQ407253.1
Boletus_1296	2044|ITS|HM579930.1
Boletus_1297	2017|ITS|HM579929.1
Boletus_1298	2063|ITS|HM579928.1
Boletus_1299	2065|ITS|HM579927.1
Boletus_1300	2057|ITS|HM579926.1
Boletus_1301	2037|ITS|HM579925.1
Boletus_1302	2022|ITS|HM579924.1
Boletus_1303	2070|ITS|HM579923.1
Boletus_1304	AF438566.2|ITS|AF438566.2
Boletus_1305	AF438565.2|ITS|AF438565.2
Boletus_1306	van_der_linde_svdl63|ITS|EU417874.1
Boletus_1307	van_der_linde_svdl15|ITS|EU417873.1
Boletus_1308	van_der_linde_svdl79|ITS|EU417871.1
Boletus_1309	van_der_linde_svdl47|ITS|EU417870.1
Boletus_1310	alfonso_o1085|ITS|EU417869.1
Boletus_1311	alfonso_o1095|ITS|EU417868.1
Boletus_1312	alfonso_o1097|ITS|EU417867.1
Boletus_1313	van_der_linde_svdl18|ITS|EU417866.1
Boletus_1314	van_der_linde_svdl12|ITS|EU417865.1
Boletus_1315	van_der_linde_svdl93|ITS|EU417864.1
Boletus_1316	van_der_linde_svdl50|ITS|EU417863.1
Boletus_1317	noordeloos_o1101601|ITS|EU417862.1
Boletus_1318	van_der_linde_svdl67|ITS|EU417861.1
Boletus_1319	van_der_linde_svdl35|ITS|EU417860.1
Boletus_1320	van_der_linde_svdl45|ITS|EU417859.1
Boletus_1321	van_der_linde_svdl43|ITS|EU417858.1
Boletus_1322	van_der_linde_svdl61|ITS|EU417857.1
Boletus_1323	van_der_linde_svdl69|ITS|EU417856.1
Boletus_1324	van_der_linde_svdl9i|ITS|EU417855.1
Boletus_1325	van_der_linde_svdl16|ITS|EU417854.1
Boletus_1326	van_der_linde_svdl14|ITS|EU417853.1
Boletus_1327	van_der_linde_svdl21|ITS|EU417852.1
Boletus_1328	van_der_linde_svdl32|ITS|EU417851.1
Boletus_1329	van_der_linde_svdl41|ITS|EU417850.1
Boletus_1330	van_der_linde_svdl36|ITS|EU417849.1
Boletus_1331	van_der_linde_svdl74|ITS|EU417848.1
Boletus_1332	van_der_linde_svdl58|ITS|EU417847.1
Boletus_1333	van_der_linde_svdl24|ITS|EU417846.1
Boletus_1334	van_der_linde_svdl94|ITS|EU417845.1
Boletus_1335	van_der_linde_svdl49|ITS|EU417844.1
Boletus_1336	138_530|ITS|AB509814.1
Boletus_1337	109_479|ITS|AB509789.1
Boletus_1338	114_457|ITS|AB509777.1
Boletus_1339	148_438|ITS|AB509766.1
Boletus_1340	114_427|ITS|AB509760.1
Boletus_1341	108_269|ITS|AB509657.1
Boletus_1342	108_248|ITS|AB509638.1
Boletus_1343	131_226|ITS|AB509628.1
Boletus_1344	11925mk_h|ITS|GU198995.1
Boletus_1345	13209mk_h|ITS|GU198994.1
Boletus_1346	10014mk_h|ITS|GU198993.1
Boletus_1347	13211mk_h|ITS|GU198992.1
Boletus_1348	10013mk_h|ITS|GU198991.1
Boletus_1349	9988mk_h|ITS|GU198990.1
Boletus_1350	9805mk_h|ITS|GU198989.1
Boletus_1351	10492mk_h|ITS|GU198988.1
Boletus_1352	12400mk_h|ITS|GU198987.1
Boletus_1353	12521mk_h|ITS|GU198986.1
Boletus_1354	12451mk_h|ITS|GU198985.1
Boletus_1355	12450mk_h|ITS|GU198984.1
Boletus_1356	12849mk_h|ITS|GU198983.1
Boletus_1357	12436mk_h|ITS|GU198982.1
Boletus_1358	13231mk_h|ITS|GU198981.1
Boletus_1359	13213mk_h|ITS|GU198980.1
Boletus_1360	12438mk_h|ITS|GU198979.1
Boletus_1361	10022mk_h|ITS|GU198977.1
Boletus_1362	11917mk_h|ITS|GU198976.1
Boletus_1363	12524mk_h|ITS|GU198975.1
Boletus_1364	11190mk_h|ITS|GU198974.1
Boletus_1365	1533mk_h|ITS|GU198973.1
Boletus_1366	ik88_023_h|ITS|GU198972.1
Boletus_1367	11183mk_h|ITS|GU198971.1
Boletus_1368	hy23|ITS|GU550107.1
Boletus_1369	rt00053|ITS|EU819531.1
Boletus_1370	jmp0107|ITS|EU819492.1
Boletus_1371	jmp0007|ITS|EU819456.1
Boletus_1372	jmp0009|ITS|EU819452.1
Boletus_1373	su92|ITS|DQ131630.1
Boletus_1374	su91|ITS|DQ131629.1
Boletus_1375	su78|ITS|DQ131628.1
Boletus_1376	su71|ITS|DQ131627.1
Boletus_1377	su73|ITS|DQ131626.1
Boletus_1378	su75|ITS|DQ131625.1
Boletus_1379	su35|ITS|DQ131624.1
Boletus_1380	su77|ITS|DQ131623.1
Boletus_1381	su48|ITS|DQ131622.1
Boletus_1382	su74|ITS|DQ131621.1
Boletus_1383	su08|ITS|DQ131620.1
Boletus_1384	su07|ITS|DQ131619.1
Boletus_1385	su63|ITS|DQ131618.1
Boletus_1386	su19|ITS|DQ131617.1
Boletus_1387	su69|ITS|DQ131616.1
Boletus_1388	su68|ITS|DQ131615.1
Boletus_1389	su22|ITS|DQ131614.1
Boletus_1390	su24|ITS|DQ131613.1
Boletus_1391	su16|ITS|DQ131612.1
Boletus_1392	su90|ITS|DQ131611.1
Boletus_1393	su79|ITS|DQ131610.1
Boletus_1394	su76|ITS|DQ131609.1
Boletus_1395	su06|ITS|DQ131608.1
Boletus_1396	su05|ITS|DQ131607.1
Boletus_1397	gs1920|ITS|DQ066405.1
Boletus_1398	at1998118|ITS|DQ066397.1
Boletus_1399	ah1999103|ITS|DQ066394.1
Boletus_1400	ah2001110|ITS|DQ066393.1
Boletus_1401	be821|ITS|AY680995.1
Boletus_1402	be6f|ITS|AY680994.1
Boletus_1403	be7f|ITS|AY680993.1
Boletus_1404	be8f|ITS|AY680992.1
Boletus_1405	be9f|ITS|AY680991.1
Boletus_1406	be1983|ITS|AY680990.1
Boletus_1407	bvent2226|ITS|AY680989.1
Boletus_1408	be953|ITS|AY680988.1
Boletus_1409	be2173|ITS|AY680987.1
Boletus_1410	bpers2297|ITS|AY680986.1
Boletus_1411	bepust6|ITS|AY680985.1
Boletus_1412	be3f|ITS|AY680984.1
Boletus_1413	be2f|ITS|AY680983.1
Boletus_1414	be1f|ITS|AY680982.1
Boletus_1415	bpersbxf|ITS|AY680981.1
Boletus_1416	bpi1447|ITS|AY680980.1
Boletus_1417	bpi1623|ITS|AY680979.1
Boletus_1418	bpi1622|ITS|AY680978.1
Boletus_1419	bpi7f|ITS|AY680977.1
Boletus_1420	bpi4f|ITS|AY680976.1
Boletus_1421	bpi3f|ITS|AY680975.1
Boletus_1422	bpi2f|ITS|AY680974.1
Boletus_1423	bpi9a|ITS|AY680973.1
Boletus_1424	bpia|ITS|AY680972.1
Boletus_1425	baestar|ITS|AY680971.1
Boletus_1426	baest1914|ITS|AY680970.1
Boletus_1427	baest1914|ITS|AY680969.1
Boletus_1428	baest2133|ITS|AY680968.1
Boletus_1429	baest2133|ITS|AY680967.1
Boletus_1430	baest6f|ITS|AY680966.1
Boletus_1431	baest6f|ITS|AY680965.1
Boletus_1432	baest1379|ITS|AY680964.1
Boletus_1433	baest7q|ITS|AY680963.1
Boletus_1434	baer1585|ITS|AY680962.1
Boletus_1435	baer2100|ITS|AY680961.1
Boletus_1436	baer76|ITS|AY680960.1
Boletus_1437	baerzac6c|ITS|AY680959.1
Boletus_1438	baerzac5c|ITS|AY680958.1
Boletus_1439	baerzac4c|ITS|AY680957.1
Boletus_1440	baerzac3c|ITS|AY680956.1
Boletus_1441	baerzac2c|ITS|AY680955.1
Boletus_1442	baerzac1c|ITS|AY680954.1
Boletus_1443	h:6003994|ITS|GU373493.1
Boletus_1444	h:6003993|ITS|GU373490.1
Boletus_1445	yncx04|ITS|GQ900594.1
Boletus_1446	ynb200|ITS|GQ900593.1
Boletus_1447	f:prl5601man|ITS|GQ166889.1
Boletus_1448	f:prl6020man|ITS|GQ166886.1
Boletus_1449	f:prl5804man|ITS|GQ166877.1
Boletus_1450	edm13|ITS|EU444539.1
Boletus_1451	chu11|ITS|DQ397949.1
Boletus_1452	kun1|ITS|DQ397948.1
Boletus_1453	1640|ITS|AY278769.1
Boletus_1454	1773|ITS|AY278764.1
Boletus_1455	AF074921.1|ITS|AF074921.1
Boletus_1456	cu:micro:nan_mn23|ITS|AB453025.1
Boletus_1457	nara_bor_red1|ITS|AB211279.1
Boletus_1458	ma_fungi_47704|ITS|AJ419182.1
